"DATE","TIME","INT","CF","STRUCT","TYPE","STATUS","SYS","REQ_SYNC","REQ_ASYNC","REQ_CHNGD","SRV_SYNC","SRV_ASYNC","STD_SYNC","STD_ASYNC","DLY_REQ","DLY_REQ%","DTIME/DLY","DTIME/ALL","REQ_TOTAL","CONT","FALSE_CONT"
19/04/25,17:39:00,600,"CEC1CF7","DSNH_SCA","LIST","ACTIVE","A1",4957,1226,1,14.1,47.9,20.2,28.6,1,0.0%,9.0,0.0,,,
19/04/25,17:39:00,600,"CEC1CF7","DSNH_SCA","LIST","ACTIVE","A2",6177,623,0,15.5,44.4,19.9,29.4,0,0.0%,0.0,0.0,,,
19/04/25,17:39:00,600,"CEC1CF7","DSNH_SCA","LIST","ACTIVE","F1",0,0,0,0.0,0.0,0.0,0.0,0,0.0%,0.0,0.0,,,
19/04/25,17:39:00,600,"CEC1CF7","DSNH_SCA","LIST","ACTIVE","F2",0,0,0,0.0,0.0,0.0,0.0,0,0.0%,0.0,0.0,,,
19/04/25,17:39:00,600,"CEC1CF7","DSNH_SCA","LIST","ACTIVE","TOTAL",11000,1849,1,14.9,46.7,20.0,28.9,1,0.0%,9.0,0.0,,,
19/04/25,17:39:00,600,"CEC1CF7","IXC_LIST1","LIST","ACTIVE","A1",0,3499000,0,0.0,28.4,0.0,25.0,2234,0.1%,44.5,0.0,,,
19/04/25,17:39:00,600,"CEC1CF7","IXC_LIST1","LIST","ACTIVE","A2",0,3416000,0,0.0,28.9,0.0,24.1,437,0.0%,59.5,0.0,,,
19/04/25,17:39:00,600,"CEC1CF7","IXC_LIST1","LIST","ACTIVE","F1",0,5497,0,0.0,34.7,0.0,36.8,0,0.0%,0.0,0.0,,,
19/04/25,17:39:00,600,"CEC1CF7","IXC_LIST1","LIST","ACTIVE","F2",0,3457,0,0.0,35.9,0.0,31.8,0,0.0%,0.0,0.0,,,
19/04/25,17:39:00,600,"CEC1CF7","IXC_LIST1","LIST","ACTIVE","TOTAL",0,6923000,0,0.0,28.7,0.0,24.6,2671,0.0%,46.9,0.0,,,
19/04/25,17:39:00,600,"CEC1CF7","LOGR_OPERLOG","LIST","ACTIVE SECONDARY","A1",1,111,0,43.0,46.4,0.0,21.9,0,0.0%,0.0,0.0,,,
19/04/25,17:39:00,600,"CEC1CF7","LOGR_OPERLOG","LIST","ACTIVE SECONDARY","A2",1,165,0,38.0,46.5,0.0,19.4,0,0.0%,0.0,0.0,,,
19/04/25,17:39:00,600,"CEC1CF7","LOGR_OPERLOG","LIST","ACTIVE SECONDARY","F1",0,0,0,0.0,0.0,0.0,0.0,0,0.0%,0.0,0.0,,,
19/04/25,17:39:00,600,"CEC1CF7","LOGR_OPERLOG","LIST","ACTIVE SECONDARY","F2",0,0,0,0.0,0.0,0.0,0.0,0,0.0%,0.0,0.0,,,
19/04/25,17:39:00,600,"CEC1CF7","LOGR_OPERLOG","LIST","ACTIVE SECONDARY","TOTAL",2,276,0,40.5,46.5,3.5,20.4,0,0.0%,0.0,0.0,,,
19/04/25,17:39:00,600,"CEC1CF7","LOGR_RRSDELAY","LIST","ACTIVE PRIMARY","A1",72,20,0,18.8,80.5,22.7,35.9,0,0.0%,0.0,0.0,,,
19/04/25,17:39:00,600,"CEC1CF7","LOGR_RRSDELAY","LIST","ACTIVE PRIMARY","A2",73,20,0,19.0,84.8,25.1,31.6,0,0.0%,0.0,0.0,,,
19/04/25,17:39:00,600,"CEC1CF7","LOGR_RRSDELAY","LIST","ACTIVE PRIMARY","F1",0,0,0,0.0,0.0,0.0,0.0,0,0.0%,0.0,0.0,,,
19/04/25,17:39:00,600,"CEC1CF7","LOGR_RRSDELAY","LIST","ACTIVE PRIMARY","F2",0,0,0,0.0,0.0,0.0,0.0,0,0.0%,0.0,0.0,,,
19/04/25,17:39:00,600,"CEC1CF7","LOGR_RRSDELAY","LIST","ACTIVE PRIMARY","TOTAL",145,40,0,18.9,82.6,23.9,33.5,0,0.0%,0.0,0.0,,,
19/04/25,17:39:00,600,"CEC1CF7","LOGR_RRSMAIN","LIST","ACTIVE PRIMARY","A1",14000,267000,646,23.7,85.9,69.1,139.9,657,0.2%,45.7,0.1,,,
19/04/25,17:39:00,600,"CEC1CF7","LOGR_RRSMAIN","LIST","ACTIVE PRIMARY","A2",14000,242000,75,20.4,63.2,53.3,96.2,77,0.0%,51.7,0.0,,,
19/04/25,17:39:00,600,"CEC1CF7","LOGR_RRSMAIN","LIST","ACTIVE PRIMARY","F1",0,0,0,0.0,0.0,0.0,0.0,0,0.0%,0.0,0.0,,,
19/04/25,17:39:00,600,"CEC1CF7","LOGR_RRSMAIN","LIST","ACTIVE PRIMARY","F2",0,0,0,0.0,0.0,0.0,0.0,0,0.0%,0.0,0.0,,,
19/04/25,17:39:00,600,"CEC1CF7","LOGR_RRSMAIN","LIST","ACTIVE PRIMARY","TOTAL",28000,509000,721,22.1,75.1,61.9,121.6,734,0.1%,46.3,0.1,,,
19/04/25,17:39:00,600,"CEC1CF7","LOGR_RRSRESTA","LIST","ACTIVE SECONDARY","A1",0,0,0,0.0,0.0,0.0,0.0,0,0.0%,0.0,0.0,,,
19/04/25,17:39:00,600,"CEC1CF7","LOGR_RRSRESTA","LIST","ACTIVE SECONDARY","A2",0,0,0,0.0,0.0,0.0,0.0,0,0.0%,0.0,0.0,,,
19/04/25,17:39:00,600,"CEC1CF7","LOGR_RRSRESTA","LIST","ACTIVE SECONDARY","F1",0,0,0,0.0,0.0,0.0,0.0,0,0.0%,0.0,0.0,,,
19/04/25,17:39:00,600,"CEC1CF7","LOGR_RRSRESTA","LIST","ACTIVE SECONDARY","F2",0,0,0,0.0,0.0,0.0,0.0,0,0.0%,0.0,0.0,,,
19/04/25,17:39:00,600,"CEC1CF7","LOGR_RRSRESTA","LIST","ACTIVE SECONDARY","TOTAL",0,0,0,0.0,0.0,0.0,0.0,0,0.0%,0.0,0.0,,,
19/04/25,17:39:00,600,"CEC1CF7","LOGR_RRSRM","LIST","ACTIVE SECONDARY","A1",0,0,0,0.0,0.0,0.0,0.0,0,0.0%,0.0,0.0,,,
19/04/25,17:39:00,600,"CEC1CF7","LOGR_RRSRM","LIST","ACTIVE SECONDARY","A2",0,0,0,0.0,0.0,0.0,0.0,0,0.0%,0.0,0.0,,,
19/04/25,17:39:00,600,"CEC1CF7","LOGR_RRSRM","LIST","ACTIVE SECONDARY","F1",0,0,0,0.0,0.0,0.0,0.0,0,0.0%,0.0,0.0,,,
19/04/25,17:39:00,600,"CEC1CF7","LOGR_RRSRM","LIST","ACTIVE SECONDARY","F2",0,0,0,0.0,0.0,0.0,0.0,0,0.0%,0.0,0.0,,,
19/04/25,17:39:00,600,"CEC1CF7","LOGR_RRSRM","LIST","ACTIVE SECONDARY","TOTAL",0,0,0,0.0,0.0,0.0,0.0,0,0.0%,0.0,0.0,,,
19/04/25,17:39:00,600,"CEC1CF7","JES2_HASPCKP1","LIST","ACTIVE","A1",526,506,1,10.8,70.7,13.8,118.2,1,0.1%,43.0,0.0,,,
19/04/25,17:39:00,600,"CEC1CF7","JES2_HASPCKP1","LIST","ACTIVE","A2",541,487,0,13.4,73.9,22.7,120.8,2,0.2%,24.5,0.0,,,
19/04/25,17:39:00,600,"CEC1CF7","JES2_HASPCKP1","LIST","ACTIVE","F1",0,0,0,0.0,0.0,0.0,0.0,0,0.0%,0.0,0.0,,,
19/04/25,17:39:00,600,"CEC1CF7","JES2_HASPCKP1","LIST","ACTIVE","F2",0,0,0,0.0,0.0,0.0,0.0,0,0.0%,0.0,0.0,,,
19/04/25,17:39:00,600,"CEC1CF7","JES2_HASPCKP1","LIST","ACTIVE","TOTAL",1067,993,1,12.1,72.2,18.9,119.5,3,0.1%,30.7,0.0,,,
19/04/25,17:39:00,600,"CEC1CF7","QSGHAPLEX01","LIST","ACTIVE SECONDARY","A1",29000,2187000,244000,97.8,136.5,78.9,85.6,248000,11.2%,88.9,9.9,,,
19/04/25,17:39:00,600,"CEC1CF7","QSGHAPLEX01","LIST","ACTIVE SECONDARY","A2",31000,2490000,20000,85.1,108.0,75.4,88.0,20000,0.8%,129.0,1.0,,,
19/04/25,17:39:00,600,"CEC1CF7","QSGHAPLEX01","LIST","ACTIVE SECONDARY","F1",0,0,0,0.0,0.0,0.0,0.0,0,0.0%,0.0,0.0,,,
19/04/25,17:39:00,600,"CEC1CF7","QSGHAPLEX01","LIST","ACTIVE SECONDARY","F2",0,0,0,0.0,0.0,0.0,0.0,0,0.0%,0.0,0.0,,,
19/04/25,17:39:00,600,"CEC1CF7","QSGHAPLEX01","LIST","ACTIVE SECONDARY","TOTAL",60000,4677000,264000,91.1,121.3,77.3,88.1,268000,5.7%,91.9,5.2,,,
19/04/25,17:39:00,600,"CEC1CF7","QSGHAPLIR01","LIST","ACTIVE PRIMARY","A1",84000,853000,2196,20.2,77.7,27.3,65.4,2255,0.2%,55.4,0.1,,,
19/04/25,17:39:00,600,"CEC1CF7","QSGHAPLIR01","LIST","ACTIVE PRIMARY","A2",104000,1045000,432,21.5,78.2,29.5,72.8,444,0.0%,98.0,0.0,,,
19/04/25,17:39:00,600,"CEC1CF7","QSGHAPLIR01","LIST","ACTIVE PRIMARY","F1",0,0,0,0.0,0.0,0.0,0.0,0,0.0%,0.0,0.0,,,
19/04/25,17:39:00,600,"CEC1CF7","QSGHAPLIR01","LIST","ACTIVE PRIMARY","F2",0,0,0,0.0,0.0,0.0,0.0,0,0.0%,0.0,0.0,,,
19/04/25,17:39:00,600,"CEC1CF7","QSGHAPLIR01","LIST","ACTIVE PRIMARY","TOTAL",188000,1898000,2628,20.9,78.0,28.5,69.5,2699,0.1%,62.4,0.1,,,
19/04/25,17:39:00,600,"CEC1CF7","QSGHCSQ_ADMIN","LIST","ACTIVE PRIMARY","A1",42000,512000,1031,35.7,53.1,28.6,65.1,1076,0.2%,52.1,0.1,,,
19/04/25,17:39:00,600,"CEC1CF7","QSGHCSQ_ADMIN","LIST","ACTIVE PRIMARY","A2",38000,518000,199,36.3,53.4,27.2,65.6,210,0.0%,89.1,0.0,,,
19/04/25,17:39:00,600,"CEC1CF7","QSGHCSQ_ADMIN","LIST","ACTIVE PRIMARY","F1",0,0,0,0.0,0.0,0.0,0.0,0,0.0%,0.0,0.0,,,
19/04/25,17:39:00,600,"CEC1CF7","QSGHCSQ_ADMIN","LIST","ACTIVE PRIMARY","F2",0,0,0,0.0,0.0,0.0,0.0,0,0.0%,0.0,0.0,,,
19/04/25,17:39:00,600,"CEC1CF7","QSGHCSQ_ADMIN","LIST","ACTIVE PRIMARY","TOTAL",80000,1030000,1230,36.0,53.3,28.0,65.4,1286,0.1%,58.2,0.1,,,
19/04/25,17:39:00,600,"CEC1CF7","DSNH_LOCK1","LOCK","ACTIVE","A1",7503000,4720,425,8.4,60.2,15.5,58.4,9927,0.1%,13.0,0.0,7836000,390000,87000
19/04/25,17:39:00,600,"CEC1CF7","DSNH_LOCK1","LOCK","ACTIVE","A2",8045000,4298,492,8.5,64.7,15.8,65.1,1377,0.0%,37.9,0.0,8617000,391000,87000
19/04/25,17:39:00,600,"CEC1CF7","DSNH_LOCK1","LOCK","ACTIVE","F1",0,0,0,0.0,0.0,0.0,0.0,0,0.0%,0.0,0.0,0,0,0
19/04/25,17:39:00,600,"CEC1CF7","DSNH_LOCK1","LOCK","ACTIVE","F2",0,0,0,0.0,0.0,0.0,0.0,0,0.0%,0.0,0.0,0,0,0
19/04/25,17:39:00,600,"CEC1CF7","DSNH_LOCK1","LOCK","ACTIVE","TOTAL",16000000,9018,917,8.5,62.3,15.6,61.7,11000,0.1%,16.0,0.0,16000000,781000,174000
19/04/25,17:39:00,600,"CEC1CF7","ISGLOCK","LOCK","ACTIVE","A1",26000,2,1,8.6,69.5,18.7,14.8,41,0.2%,8.1,0.0,26000,307,64
19/04/25,17:39:00,600,"CEC1CF7","ISGLOCK","LOCK","ACTIVE","A2",26000,0,0,8.8,0.0,19.7,0.0,2,0.0%,16.0,0.0,25000,47,42
19/04/25,17:39:00,600,"CEC1CF7","ISGLOCK","LOCK","ACTIVE","F1",14000,0,0,11.0,0.0,27.0,0.0,0,0.0%,0.0,0.0,14000,0,0
19/04/25,17:39:00,600,"CEC1CF7","ISGLOCK","LOCK","ACTIVE","F2",696,0,0,11.0,0.0,27.5,0.0,0,0.0%,0.0,0.0,696,0,0
19/04/25,17:39:00,600,"CEC1CF7","ISGLOCK","LOCK","ACTIVE","TOTAL",66000,2,1,9.2,69.5,21.2,14.8,43,0.1%,8.5,0.0,66000,354,106
19/04/25,17:39:00,600,"CEC1CF7","DSNH_GBP0","CACHE","ACTIVE PRIMARY","A1",15000,17,9,15.7,138.4,19.1,98.0,9,0.1%,36.3,0.0,,,
19/04/25,17:39:00,600,"CEC1CF7","DSNH_GBP0","CACHE","ACTIVE PRIMARY","A2",19000,8,5,15.2,96.9,18.3,35.4,5,0.0%,16.8,0.0,,,
19/04/25,17:39:00,600,"CEC1CF7","DSNH_GBP0","CACHE","ACTIVE PRIMARY","F1",0,0,0,0.0,0.0,0.0,0.0,0,0.0%,0.0,0.0,,,
19/04/25,17:39:00,600,"CEC1CF7","DSNH_GBP0","CACHE","ACTIVE PRIMARY","F2",0,0,0,0.0,0.0,0.0,0.0,0,0.0%,0.0,0.0,,,
19/04/25,17:39:00,600,"CEC1CF7","DSNH_GBP0","CACHE","ACTIVE PRIMARY","TOTAL",35000,25,14,15.4,125.1,18.7,84.6,14,0.0%,29.4,0.0,,,
19/04/25,17:39:00,600,"CEC1CF7","DSNH_GBP1","CACHE","ACTIVE PRIMARY","A1",42000,162,87,14.8,325.9,20.9,206.4,87,0.2%,51.9,0.1,,,
19/04/25,17:39:00,600,"CEC1CF7","DSNH_GBP1","CACHE","ACTIVE PRIMARY","A2",57000,25,19,15.4,199.0,23.1,110.7,19,0.0%,45.5,0.0,,,
19/04/25,17:39:00,600,"CEC1CF7","DSNH_GBP1","CACHE","ACTIVE PRIMARY","F1",0,0,0,0.0,0.0,0.0,0.0,0,0.0%,0.0,0.0,,,
19/04/25,17:39:00,600,"CEC1CF7","DSNH_GBP1","CACHE","ACTIVE PRIMARY","F2",0,0,0,0.0,0.0,0.0,0.0,0,0.0%,0.0,0.0,,,
19/04/25,17:39:00,600,"CEC1CF7","DSNH_GBP1","CACHE","ACTIVE PRIMARY","TOTAL",98000,187,106,15.2,308.9,22.2,200.9,106,0.1%,50.7,0.1,,,
19/04/25,17:39:00,600,"CEC1CF7","DSNH_GBP10","CACHE","ACTIVE PRIMARY","A1",44,3,0,13.0,58.7,11.9,21.9,0,0.0%,0.0,0.0,,,
19/04/25,17:39:00,600,"CEC1CF7","DSNH_GBP10","CACHE","ACTIVE PRIMARY","A2",85,6,0,11.1,176.7,22.3,119.4,0,0.0%,0.0,0.0,,,
19/04/25,17:39:00,600,"CEC1CF7","DSNH_GBP10","CACHE","ACTIVE PRIMARY","F1",0,0,0,0.0,0.0,0.0,0.0,0,0.0%,0.0,0.0,,,
19/04/25,17:39:00,600,"CEC1CF7","DSNH_GBP10","CACHE","ACTIVE PRIMARY","F2",0,0,0,0.0,0.0,0.0,0.0,0,0.0%,0.0,0.0,,,
19/04/25,17:39:00,600,"CEC1CF7","DSNH_GBP10","CACHE","ACTIVE PRIMARY","TOTAL",129,9,0,11.8,137.3,19.3,111.9,0,0.0%,0.0,0.0,,,
19/04/25,17:39:00,600,"CEC1CF7","DSNH_GBP12","CACHE","ACTIVE SECONDARY","A1",0,166000,0,0.0,31.7,0.0,23.7,262,0.2%,46.4,0.1,,,
19/04/25,17:39:00,600,"CEC1CF7","DSNH_GBP12","CACHE","ACTIVE SECONDARY","A2",61,164000,0,13.2,32.5,25.8,23.4,46,0.0%,52.9,0.0,,,
19/04/25,17:39:00,600,"CEC1CF7","DSNH_GBP12","CACHE","ACTIVE SECONDARY","F1",0,0,0,0.0,0.0,0.0,0.0,0,0.0%,0.0,0.0,,,
19/04/25,17:39:00,600,"CEC1CF7","DSNH_GBP12","CACHE","ACTIVE SECONDARY","F2",0,0,0,0.0,0.0,0.0,0.0,0,0.0%,0.0,0.0,,,
19/04/25,17:39:00,600,"CEC1CF7","DSNH_GBP12","CACHE","ACTIVE SECONDARY","TOTAL",61,330000,0,13.2,32.1,25.8,23.5,308,0.1%,47.4,0.0,,,
19/04/25,17:39:00,600,"CEC1CF7","DSNH_GBP16K0","CACHE","ACTIVE SECONDARY","A1",0,0,0,0.0,0.0,0.0,0.0,0,0.0%,0.0,0.0,,,
19/04/25,17:39:00,600,"CEC1CF7","DSNH_GBP16K0","CACHE","ACTIVE SECONDARY","A2",61,0,0,10.0,0.0,5.6,0.0,0,0.0%,0.0,0.0,,,
19/04/25,17:39:00,600,"CEC1CF7","DSNH_GBP16K0","CACHE","ACTIVE SECONDARY","F1",0,0,0,0.0,0.0,0.0,0.0,0,0.0%,0.0,0.0,,,
19/04/25,17:39:00,600,"CEC1CF7","DSNH_GBP16K0","CACHE","ACTIVE SECONDARY","F2",0,0,0,0.0,0.0,0.0,0.0,0,0.0%,0.0,0.0,,,
19/04/25,17:39:00,600,"CEC1CF7","DSNH_GBP16K0","CACHE","ACTIVE SECONDARY","TOTAL",61,0,0,10.0,0.0,5.6,0.0,0,0.0%,0.0,0.0,,,
19/04/25,17:39:00,600,"CEC1CF7","DSNH_GBP2","CACHE","ACTIVE SECONDARY","A1",0,408000,0,0.0,28.8,0.0,22.4,336,0.1%,62.2,0.1,,,
19/04/25,17:39:00,600,"CEC1CF7","DSNH_GBP2","CACHE","ACTIVE SECONDARY","A2",62,449000,0,13.9,29.9,13.7,22.1,44,0.0%,61.0,0.0,,,
19/04/25,17:39:00,600,"CEC1CF7","DSNH_GBP2","CACHE","ACTIVE SECONDARY","F1",0,0,0,0.0,0.0,0.0,0.0,0,0.0%,0.0,0.0,,,
19/04/25,17:39:00,600,"CEC1CF7","DSNH_GBP2","CACHE","ACTIVE SECONDARY","F2",0,0,0,0.0,0.0,0.0,0.0,0,0.0%,0.0,0.0,,,
19/04/25,17:39:00,600,"CEC1CF7","DSNH_GBP2","CACHE","ACTIVE SECONDARY","TOTAL",62,857000,0,13.9,29.3,13.7,22.3,380,0.0%,62.1,0.0,,,
19/04/25,17:39:00,600,"CEC1CF7","DSNH_GBP32K","CACHE","ACTIVE PRIMARY","A1",20,3,0,8.3,53.3,2.9,5.9,0,0.0%,0.0,0.0,,,
19/04/25,17:39:00,600,"CEC1CF7","DSNH_GBP32K","CACHE","ACTIVE PRIMARY","A2",79,6,0,11.9,177.2,18.9,138.8,0,0.0%,0.0,0.0,,,
19/04/25,17:39:00,600,"CEC1CF7","DSNH_GBP32K","CACHE","ACTIVE PRIMARY","F1",0,0,0,0.0,0.0,0.0,0.0,0,0.0%,0.0,0.0,,,
19/04/25,17:39:00,600,"CEC1CF7","DSNH_GBP32K","CACHE","ACTIVE PRIMARY","F2",0,0,0,0.0,0.0,0.0,0.0,0,0.0%,0.0,0.0,,,
19/04/25,17:39:00,600,"CEC1CF7","DSNH_GBP32K","CACHE","ACTIVE PRIMARY","TOTAL",99,9,0,11.2,135.9,17.0,126.0,0,0.0%,0.0,0.0,,,
19/04/25,17:39:00,600,"CEC1CF7","DSNH_GBP32K2","CACHE","ACTIVE SECONDARY","A1",0,0,0,0.0,0.0,0.0,0.0,0,0.0%,0.0,0.0,,,
19/04/25,17:39:00,600,"CEC1CF7","DSNH_GBP32K2","CACHE","ACTIVE SECONDARY","A2",59,0,0,8.7,0.0,2.3,0.0,0,0.0%,0.0,0.0,,,
19/04/25,17:39:00,600,"CEC1CF7","DSNH_GBP32K2","CACHE","ACTIVE SECONDARY","F1",0,0,0,0.0,0.0,0.0,0.0,0,0.0%,0.0,0.0,,,
19/04/25,17:39:00,600,"CEC1CF7","DSNH_GBP32K2","CACHE","ACTIVE SECONDARY","F2",0,0,0,0.0,0.0,0.0,0.0,0,0.0%,0.0,0.0,,,
19/04/25,17:39:00,600,"CEC1CF7","DSNH_GBP32K2","CACHE","ACTIVE SECONDARY","TOTAL",59,0,0,8.7,0.0,2.3,0.0,0,0.0%,0.0,0.0,,,
19/04/25,17:39:00,600,"CEC1CF7","DSNH_GBP32K4","CACHE","ACTIVE SECONDARY","A1",0,77000,0,0.0,31.4,0.0,20.7,55,0.1%,41.0,0.0,,,
19/04/25,17:39:00,600,"CEC1CF7","DSNH_GBP32K4","CACHE","ACTIVE SECONDARY","A2",59,85000,0,14.3,32.2,28.3,19.6,5,0.0%,82.0,0.0,,,
19/04/25,17:39:00,600,"CEC1CF7","DSNH_GBP32K4","CACHE","ACTIVE SECONDARY","F1",0,0,0,0.0,0.0,0.0,0.0,0,0.0%,0.0,0.0,,,
19/04/25,17:39:00,600,"CEC1CF7","DSNH_GBP32K4","CACHE","ACTIVE SECONDARY","F2",0,0,0,0.0,0.0,0.0,0.0,0,0.0%,0.0,0.0,,,
19/04/25,17:39:00,600,"CEC1CF7","DSNH_GBP32K4","CACHE","ACTIVE SECONDARY","TOTAL",59,161000,0,14.3,31.8,28.3,20.1,60,0.0%,44.4,0.0,,,
19/04/25,17:39:00,600,"CEC1CF7","DSNH_GBP8","CACHE","ACTIVE SECONDARY","A1",0,8346,0,0.0,26.6,0.0,21.4,9,0.1%,20.9,0.0,,,
19/04/25,17:39:00,600,"CEC1CF7","DSNH_GBP8","CACHE","ACTIVE SECONDARY","A2",59,12000,0,18.5,27.2,40.9,21.4,0,0.0%,0.0,0.0,,,
19/04/25,17:39:00,600,"CEC1CF7","DSNH_GBP8","CACHE","ACTIVE SECONDARY","F1",0,0,0,0.0,0.0,0.0,0.0,0,0.0%,0.0,0.0,,,
19/04/25,17:39:00,600,"CEC1CF7","DSNH_GBP8","CACHE","ACTIVE SECONDARY","F2",0,0,0,0.0,0.0,0.0,0.0,0,0.0%,0.0,0.0,,,
19/04/25,17:39:00,600,"CEC1CF7","DSNH_GBP8","CACHE","ACTIVE SECONDARY","TOTAL",59,20000,0,18.5,27.0,40.9,21.4,9,0.0%,20.9,0.0,,,
19/04/25,17:39:00,600,"CEC1CF7","DSNH_GBP8K0","CACHE","ACTIVE PRIMARY","A1",20,3,0,8.5,51.0,4.6,10.8,0,0.0%,0.0,0.0,,,
19/04/25,17:39:00,600,"CEC1CF7","DSNH_GBP8K0","CACHE","ACTIVE PRIMARY","A2",79,6,0,18.1,174.2,38.5,138.1,0,0.0%,0.0,0.0,,,
19/04/25,17:39:00,600,"CEC1CF7","DSNH_GBP8K0","CACHE","ACTIVE PRIMARY","F1",0,0,0,0.0,0.0,0.0,0.0,0,0.0%,0.0,0.0,,,
19/04/25,17:39:00,600,"CEC1CF7","DSNH_GBP8K0","CACHE","ACTIVE PRIMARY","F2",0,0,0,0.0,0.0,0.0,0.0,0,0.0%,0.0,0.0,,,
19/04/25,17:39:00,600,"CEC1CF7","DSNH_GBP8K0","CACHE","ACTIVE PRIMARY","TOTAL",99,9,0,16.1,133.1,34.7,125.5,0,0.0%,0.0,0.0,,,
19/04/25,17:39:00,600,"CEC1CF7","DSNH_GBP9","CACHE","ACTIVE SECONDARY","A1",0,916000,0,0.0,27.7,0.0,23.4,1228,0.1%,54.3,0.1,,,
19/04/25,17:39:00,600,"CEC1CF7","DSNH_GBP9","CACHE","ACTIVE SECONDARY","A2",60,973000,0,11.9,28.5,21.5,23.3,183,0.0%,71.0,0.0,,,
19/04/25,17:39:00,600,"CEC1CF7","DSNH_GBP9","CACHE","ACTIVE SECONDARY","F1",0,0,0,0.0,0.0,0.0,0.0,0,0.0%,0.0,0.0,,,
19/04/25,17:39:00,600,"CEC1CF7","DSNH_GBP9","CACHE","ACTIVE SECONDARY","F2",0,0,0,0.0,0.0,0.0,0.0,0,0.0%,0.0,0.0,,,
19/04/25,17:39:00,600,"CEC1CF7","DSNH_GBP9","CACHE","ACTIVE SECONDARY","TOTAL",60,1889000,0,11.9,28.1,21.5,23.4,1411,0.1%,56.4,0.0,,,
19/04/25,17:39:00,600,"CEC1CF8","IXC_LIST2","LIST","ACTIVE","A1",0,717,0,0.0,34.3,0.0,27.6,1,0.1%,1.0,0.0,,,
19/04/25,17:39:00,600,"CEC1CF8","IXC_LIST2","LIST","ACTIVE","A2",0,831,0,0.0,31.7,0.0,23.6,0,0.0%,0.0,0.0,,,
19/04/25,17:39:00,600,"CEC1CF8","IXC_LIST2","LIST","ACTIVE","F1",0,824,0,0.0,42.4,0.0,39.2,0,0.0%,0.0,0.0,,,
19/04/25,17:39:00,600,"CEC1CF8","IXC_LIST2","LIST","ACTIVE","F2",0,548,0,0.0,52.2,0.0,39.8,0,0.0%,0.0,0.0,,,
19/04/25,17:39:00,600,"CEC1CF8","IXC_LIST2","LIST","ACTIVE","TOTAL",0,2920,0,0.0,39.2,0.0,33.6,1,0.0%,1.0,0.0,,,
19/04/25,17:39:00,600,"CEC1CF8","LOGR_OPERLOG","LIST","ACTIVE PRIMARY","A1",1,111,0,38.0,44.6,0.0,19.5,0,0.0%,0.0,0.0,,,
19/04/25,17:39:00,600,"CEC1CF8","LOGR_OPERLOG","LIST","ACTIVE PRIMARY","A2",1,165,0,34.0,44.7,0.0,19.5,0,0.0%,0.0,0.0,,,
19/04/25,17:39:00,600,"CEC1CF8","LOGR_OPERLOG","LIST","ACTIVE PRIMARY","F1",0,0,0,0.0,0.0,0.0,0.0,0,0.0%,0.0,0.0,,,
19/04/25,17:39:00,600,"CEC1CF8","LOGR_OPERLOG","LIST","ACTIVE PRIMARY","F2",0,0,0,0.0,0.0,0.0,0.0,0,0.0%,0.0,0.0,,,
19/04/25,17:39:00,600,"CEC1CF8","LOGR_OPERLOG","LIST","ACTIVE PRIMARY","TOTAL",2,276,0,36.0,44.6,2.8,19.5,0,0.0%,0.0,0.0,,,
19/04/25,17:39:00,600,"CEC1CF8","LOGR_RRSDELAY","LIST","ACTIVE SECONDARY","A1",0,20,0,0.0,74.2,0.0,29.8,0,0.0%,0.0,0.0,,,
19/04/25,17:39:00,600,"CEC1CF8","LOGR_RRSDELAY","LIST","ACTIVE SECONDARY","A2",0,20,0,0.0,80.1,0.0,33.3,0,0.0%,0.0,0.0,,,
19/04/25,17:39:00,600,"CEC1CF8","LOGR_RRSDELAY","LIST","ACTIVE SECONDARY","F1",0,0,0,0.0,0.0,0.0,0.0,0,0.0%,0.0,0.0,,,
19/04/25,17:39:00,600,"CEC1CF8","LOGR_RRSDELAY","LIST","ACTIVE SECONDARY","F2",0,0,0,0.0,0.0,0.0,0.0,0,0.0%,0.0,0.0,,,
19/04/25,17:39:00,600,"CEC1CF8","LOGR_RRSDELAY","LIST","ACTIVE SECONDARY","TOTAL",0,40,0,0.0,77.2,0.0,31.3,0,0.0%,0.0,0.0,,,
19/04/25,17:39:00,600,"CEC1CF8","LOGR_RRSMAIN","LIST","ACTIVE SECONDARY","A1",1037,265000,577,116.1,82.4,186.5,135.6,4,0.0%,2.0,0.0,,,
19/04/25,17:39:00,600,"CEC1CF8","LOGR_RRSMAIN","LIST","ACTIVE SECONDARY","A2",931,242000,70,69.4,60.6,129.2,93.8,15,0.0%,7.9,0.0,,,
19/04/25,17:39:00,600,"CEC1CF8","LOGR_RRSMAIN","LIST","ACTIVE SECONDARY","F1",0,0,0,0.0,0.0,0.0,0.0,0,0.0%,0.0,0.0,,,
19/04/25,17:39:00,600,"CEC1CF8","LOGR_RRSMAIN","LIST","ACTIVE SECONDARY","F2",0,0,0,0.0,0.0,0.0,0.0,0,0.0%,0.0,0.0,,,
19/04/25,17:39:00,600,"CEC1CF8","LOGR_RRSMAIN","LIST","ACTIVE SECONDARY","TOTAL",1968,507000,647,94.0,72.0,163.6,118.1,19,0.0%,6.7,0.0,,,
19/04/25,17:39:00,600,"CEC1CF8","LOGR_RRSRESTA","LIST","ACTIVE PRIMARY","A1",38,20,0,20.8,26.3,35.7,43.0,0,0.0%,0.0,0.0,,,
19/04/25,17:39:00,600,"CEC1CF8","LOGR_RRSRESTA","LIST","ACTIVE PRIMARY","A2",38,20,0,16.1,14.6,22.7,3.2,0,0.0%,0.0,0.0,,,
19/04/25,17:39:00,600,"CEC1CF8","LOGR_RRSRESTA","LIST","ACTIVE PRIMARY","F1",0,0,0,0.0,0.0,0.0,0.0,0,0.0%,0.0,0.0,,,
19/04/25,17:39:00,600,"CEC1CF8","LOGR_RRSRESTA","LIST","ACTIVE PRIMARY","F2",0,0,0,0.0,0.0,0.0,0.0,0,0.0%,0.0,0.0,,,
19/04/25,17:39:00,600,"CEC1CF8","LOGR_RRSRESTA","LIST","ACTIVE PRIMARY","TOTAL",76,40,0,18.4,20.4,29.8,30.7,0,0.0%,0.0,0.0,,,
19/04/25,17:39:00,600,"CEC1CF8","LOGR_RRSRM","LIST","ACTIVE PRIMARY","A1",58,20,0,13.7,94.8,17.8,6.6,0,0.0%,0.0,0.0,,,
19/04/25,17:39:00,600,"CEC1CF8","LOGR_RRSRM","LIST","ACTIVE PRIMARY","A2",57,21,1,15.4,100.9,27.4,19.9,1,1.3%,5.0,0.1,,,
19/04/25,17:39:00,600,"CEC1CF8","LOGR_RRSRM","LIST","ACTIVE PRIMARY","F1",0,0,0,0.0,0.0,0.0,0.0,0,0.0%,0.0,0.0,,,
19/04/25,17:39:00,600,"CEC1CF8","LOGR_RRSRM","LIST","ACTIVE PRIMARY","F2",0,0,0,0.0,0.0,0.0,0.0,0,0.0%,0.0,0.0,,,
19/04/25,17:39:00,600,"CEC1CF8","LOGR_RRSRM","LIST","ACTIVE PRIMARY","TOTAL",115,41,1,14.6,97.9,23.0,15.1,1,0.6%,5.0,0.0,,,
19/04/25,17:39:00,600,"CEC1CF8","QSGHAPLEX01","LIST","ACTIVE PRIMARY","A1",192000,2188000,244000,20.0,129.3,43.2,79.5,744,0.0%,66.1,0.0,,,
19/04/25,17:39:00,600,"CEC1CF8","QSGHAPLEX01","LIST","ACTIVE PRIMARY","A2",185000,2492000,20000,19.5,96.1,40.1,78.1,6552,0.2%,30.5,0.1,,,
19/04/25,17:39:00,600,"CEC1CF8","QSGHAPLEX01","LIST","ACTIVE PRIMARY","F1",0,0,0,0.0,0.0,0.0,0.0,0,0.0%,0.0,0.0,,,
19/04/25,17:39:00,600,"CEC1CF8","QSGHAPLEX01","LIST","ACTIVE PRIMARY","F2",0,0,0,0.0,0.0,0.0,0.0,0,0.0%,0.0,0.0,,,
19/04/25,17:39:00,600,"CEC1CF8","QSGHAPLEX01","LIST","ACTIVE PRIMARY","TOTAL",377000,4680000,264000,19.7,111.6,41.7,80.5,7296,0.1%,34.2,0.0,,,
19/04/25,17:39:00,600,"CEC1CF8","QSGHAPLIR01","LIST","ACTIVE SECONDARY","A1",19000,853000,2144,46.3,77.7,36.9,64.2,12,0.0%,15.1,0.0,,,
19/04/25,17:39:00,600,"CEC1CF8","QSGHAPLIR01","LIST","ACTIVE SECONDARY","A2",25000,1045000,431,45.6,77.2,40.3,71.3,102,0.0%,43.0,0.0,,,
19/04/25,17:39:00,600,"CEC1CF8","QSGHAPLIR01","LIST","ACTIVE SECONDARY","F1",0,0,0,0.0,0.0,0.0,0.0,0,0.0%,0.0,0.0,,,
19/04/25,17:39:00,600,"CEC1CF8","QSGHAPLIR01","LIST","ACTIVE SECONDARY","F2",0,0,0,0.0,0.0,0.0,0.0,0,0.0%,0.0,0.0,,,
19/04/25,17:39:00,600,"CEC1CF8","QSGHAPLIR01","LIST","ACTIVE SECONDARY","TOTAL",44000,1898000,2575,45.9,77.4,38.9,68.2,114,0.0%,40.0,0.0,,,
19/04/25,17:39:00,600,"CEC1CF8","QSGHCSQ_ADMIN","LIST","ACTIVE SECONDARY","A1",41000,512000,1030,34.6,52.2,27.6,64.9,14,0.0%,15.6,0.0,,,
19/04/25,17:39:00,600,"CEC1CF8","QSGHCSQ_ADMIN","LIST","ACTIVE SECONDARY","A2",38000,518000,199,33.8,51.5,25.8,64.9,81,0.0%,29.9,0.0,,,
19/04/25,17:39:00,600,"CEC1CF8","QSGHCSQ_ADMIN","LIST","ACTIVE SECONDARY","F1",0,0,0,0.0,0.0,0.0,0.0,0,0.0%,0.0,0.0,,,
19/04/25,17:39:00,600,"CEC1CF8","QSGHCSQ_ADMIN","LIST","ACTIVE SECONDARY","F2",0,0,0,0.0,0.0,0.0,0.0,0,0.0%,0.0,0.0,,,
19/04/25,17:39:00,600,"CEC1CF8","QSGHCSQ_ADMIN","LIST","ACTIVE SECONDARY","TOTAL",79000,1030000,1229,34.2,51.9,26.7,64.9,95,0.0%,27.8,0.0,,,
19/04/25,17:39:00,600,"CEC1CF8","DSNH_GBP0","CACHE","ACTIVE SECONDARY","A1",61,8571,0,9.9,26.6,13.1,28.5,4,0.0%,50.5,0.0,,,
19/04/25,17:39:00,600,"CEC1CF8","DSNH_GBP0","CACHE","ACTIVE SECONDARY","A2",0,13000,0,0.0,26.7,0.0,25.8,4,0.0%,12.0,0.0,,,
19/04/25,17:39:00,600,"CEC1CF8","DSNH_GBP0","CACHE","ACTIVE SECONDARY","F1",0,0,0,0.0,0.0,0.0,0.0,0,0.0%,0.0,0.0,,,
19/04/25,17:39:00,600,"CEC1CF8","DSNH_GBP0","CACHE","ACTIVE SECONDARY","F2",0,0,0,0.0,0.0,0.0,0.0,0,0.0%,0.0,0.0,,,
19/04/25,17:39:00,600,"CEC1CF8","DSNH_GBP0","CACHE","ACTIVE SECONDARY","TOTAL",61,21000,0,9.9,26.7,13.1,26.9,8,0.0%,31.3,0.0,,,
19/04/25,17:39:00,600,"CEC1CF8","DSNH_GBP1","CACHE","ACTIVE SECONDARY","A1",0,31000,0,0.0,27.2,0.0,29.7,57,0.2%,12.6,0.0,,,
19/04/25,17:39:00,600,"CEC1CF8","DSNH_GBP1","CACHE","ACTIVE SECONDARY","A2",61,47000,0,7.1,26.5,1.5,27.6,17,0.0%,78.4,0.0,,,
19/04/25,17:39:00,600,"CEC1CF8","DSNH_GBP1","CACHE","ACTIVE SECONDARY","F1",0,0,0,0.0,0.0,0.0,0.0,0,0.0%,0.0,0.0,,,
19/04/25,17:39:00,600,"CEC1CF8","DSNH_GBP1","CACHE","ACTIVE SECONDARY","F2",0,0,0,0.0,0.0,0.0,0.0,0,0.0%,0.0,0.0,,,
19/04/25,17:39:00,600,"CEC1CF8","DSNH_GBP1","CACHE","ACTIVE SECONDARY","TOTAL",61,78000,0,7.1,26.8,1.5,28.4,74,0.1%,27.7,0.0,,,
19/04/25,17:39:00,600,"CEC1CF8","DSNH_GBP10","CACHE","ACTIVE SECONDARY","A1",0,17,0,0.0,20.8,0.0,3.5,0,0.0%,0.0,0.0,,,
19/04/25,17:39:00,600,"CEC1CF8","DSNH_GBP10","CACHE","ACTIVE SECONDARY","A2",60,4,0,10.4,21.0,13.8,4.8,0,0.0%,0.0,0.0,,,
19/04/25,17:39:00,600,"CEC1CF8","DSNH_GBP10","CACHE","ACTIVE SECONDARY","F1",0,0,0,0.0,0.0,0.0,0.0,0,0.0%,0.0,0.0,,,
19/04/25,17:39:00,600,"CEC1CF8","DSNH_GBP10","CACHE","ACTIVE SECONDARY","F2",0,0,0,0.0,0.0,0.0,0.0,0,0.0%,0.0,0.0,,,
19/04/25,17:39:00,600,"CEC1CF8","DSNH_GBP10","CACHE","ACTIVE SECONDARY","TOTAL",60,21,0,10.4,20.9,13.8,3.6,0,0.0%,0.0,0.0,,,
19/04/25,17:39:00,600,"CEC1CF8","DSNH_GBP12","CACHE","ACTIVE PRIMARY","A1",2130000,15000,1655,8.1,70.4,13.1,74.4,1664,0.1%,12.0,0.0,,,
19/04/25,17:39:00,600,"CEC1CF8","DSNH_GBP12","CACHE","ACTIVE PRIMARY","A2",2038000,14000,457,8.1,70.2,13.3,93.0,457,0.0%,104.0,0.0,,,
19/04/25,17:39:00,600,"CEC1CF8","DSNH_GBP12","CACHE","ACTIVE PRIMARY","F1",0,0,0,0.0,0.0,0.0,0.0,0,0.0%,0.0,0.0,,,
19/04/25,17:39:00,600,"CEC1CF8","DSNH_GBP12","CACHE","ACTIVE PRIMARY","F2",0,0,0,0.0,0.0,0.0,0.0,0,0.0%,0.0,0.0,,,
19/04/25,17:39:00,600,"CEC1CF8","DSNH_GBP12","CACHE","ACTIVE PRIMARY","TOTAL",4168000,29000,2112,8.1,70.3,13.2,83.9,2121,0.1%,31.8,0.0,,,
19/04/25,17:39:00,600,"CEC1CF8","DSNH_GBP16K0","CACHE","ACTIVE PRIMARY","A1",20,3,0,6.5,51.0,1.9,12.2,0,0.0%,0.0,0.0,,,
19/04/25,17:39:00,600,"CEC1CF8","DSNH_GBP16K0","CACHE","ACTIVE PRIMARY","A2",79,6,0,10.2,145.7,15.1,103.2,0,0.0%,0.0,0.0,,,
19/04/25,17:39:00,600,"CEC1CF8","DSNH_GBP16K0","CACHE","ACTIVE PRIMARY","F1",0,0,0,0.0,0.0,0.0,0.0,0,0.0%,0.0,0.0,,,
19/04/25,17:39:00,600,"CEC1CF8","DSNH_GBP16K0","CACHE","ACTIVE PRIMARY","F2",0,0,0,0.0,0.0,0.0,0.0,0,0.0%,0.0,0.0,,,
19/04/25,17:39:00,600,"CEC1CF8","DSNH_GBP16K0","CACHE","ACTIVE PRIMARY","TOTAL",99,9,0,9.5,114.1,13.6,94.5,0,0.0%,0.0,0.0,,,
19/04/25,17:39:00,600,"CEC1CF8","DSNH_GBP2","CACHE","ACTIVE PRIMARY","A1",1011000,5456,539,11.2,84.9,12.4,120.1,541,0.1%,7.0,0.0,,,
19/04/25,17:39:00,600,"CEC1CF8","DSNH_GBP2","CACHE","ACTIVE PRIMARY","A2",1056000,4946,121,11.3,102.4,12.8,162.6,121,0.0%,46.7,0.0,,,
19/04/25,17:39:00,600,"CEC1CF8","DSNH_GBP2","CACHE","ACTIVE PRIMARY","F1",0,0,0,0.0,0.0,0.0,0.0,0,0.0%,0.0,0.0,,,
19/04/25,17:39:00,600,"CEC1CF8","DSNH_GBP2","CACHE","ACTIVE PRIMARY","F2",0,0,0,0.0,0.0,0.0,0.0,0,0.0%,0.0,0.0,,,
19/04/25,17:39:00,600,"CEC1CF8","DSNH_GBP2","CACHE","ACTIVE PRIMARY","TOTAL",2067000,10000,660,11.2,93.2,12.6,142.2,662,0.0%,14.2,0.0,,,
19/04/25,17:39:00,600,"CEC1CF8","DSNH_GBP32K","CACHE","ACTIVE SECONDARY","A1",0,0,0,0.0,0.0,0.0,0.0,0,0.0%,0.0,0.0,,,
19/04/25,17:39:00,600,"CEC1CF8","DSNH_GBP32K","CACHE","ACTIVE SECONDARY","A2",60,0,0,8.5,0.0,8.7,0.0,0,0.0%,0.0,0.0,,,
19/04/25,17:39:00,600,"CEC1CF8","DSNH_GBP32K","CACHE","ACTIVE SECONDARY","F1",0,0,0,0.0,0.0,0.0,0.0,0,0.0%,0.0,0.0,,,
19/04/25,17:39:00,600,"CEC1CF8","DSNH_GBP32K","CACHE","ACTIVE SECONDARY","F2",0,0,0,0.0,0.0,0.0,0.0,0,0.0%,0.0,0.0,,,
19/04/25,17:39:00,600,"CEC1CF8","DSNH_GBP32K","CACHE","ACTIVE SECONDARY","TOTAL",60,0,0,8.5,0.0,8.7,0.0,0,0.0%,0.0,0.0,,,
19/04/25,17:39:00,600,"CEC1CF8","DSNH_GBP32K2","CACHE","ACTIVE PRIMARY","A1",20,3,0,6.1,51.7,1.3,11.2,0,0.0%,0.0,0.0,,,
19/04/25,17:39:00,600,"CEC1CF8","DSNH_GBP32K2","CACHE","ACTIVE PRIMARY","A2",79,6,0,10.0,135.5,24.7,97.2,0,0.0%,0.0,0.0,,,
19/04/25,17:39:00,600,"CEC1CF8","DSNH_GBP32K2","CACHE","ACTIVE PRIMARY","F1",0,0,0,0.0,0.0,0.0,0.0,0,0.0%,0.0,0.0,,,
19/04/25,17:39:00,600,"CEC1CF8","DSNH_GBP32K2","CACHE","ACTIVE PRIMARY","F2",0,0,0,0.0,0.0,0.0,0.0,0,0.0%,0.0,0.0,,,
19/04/25,17:39:00,600,"CEC1CF8","DSNH_GBP32K2","CACHE","ACTIVE PRIMARY","TOTAL",99,9,0,9.2,107.6,22.1,87.7,0,0.0%,0.0,0.0,,,
19/04/25,17:39:00,600,"CEC1CF8","DSNH_GBP32K4","CACHE","ACTIVE PRIMARY","A1",157000,218,57,14.5,74.3,10.2,66.5,57,0.0%,2.0,0.0,,,
19/04/25,17:39:00,600,"CEC1CF8","DSNH_GBP32K4","CACHE","ACTIVE PRIMARY","A2",163000,203,4,14.2,45.5,10.0,39.7,4,0.0%,42.8,0.0,,,
19/04/25,17:39:00,600,"CEC1CF8","DSNH_GBP32K4","CACHE","ACTIVE PRIMARY","F1",0,0,0,0.0,0.0,0.0,0.0,0,0.0%,0.0,0.0,,,
19/04/25,17:39:00,600,"CEC1CF8","DSNH_GBP32K4","CACHE","ACTIVE PRIMARY","F2",0,0,0,0.0,0.0,0.0,0.0,0,0.0%,0.0,0.0,,,
19/04/25,17:39:00,600,"CEC1CF8","DSNH_GBP32K4","CACHE","ACTIVE PRIMARY","TOTAL",320000,421,61,14.4,60.4,10.1,57.0,61,0.0%,4.7,0.0,,,
19/04/25,17:39:00,600,"CEC1CF8","DSNH_GBP8","CACHE","ACTIVE PRIMARY","A1",13000,28,3,10.9,121.3,11.4,175.8,3,0.0%,1.7,0.0,,,
19/04/25,17:39:00,600,"CEC1CF8","DSNH_GBP8","CACHE","ACTIVE PRIMARY","A2",16000,14,0,10.7,234.4,10.1,290.8,0,0.0%,0.0,0.0,,,
19/04/25,17:39:00,600,"CEC1CF8","DSNH_GBP8","CACHE","ACTIVE PRIMARY","F1",0,0,0,0.0,0.0,0.0,0.0,0,0.0%,0.0,0.0,,,
19/04/25,17:39:00,600,"CEC1CF8","DSNH_GBP8","CACHE","ACTIVE PRIMARY","F2",0,0,0,0.0,0.0,0.0,0.0,0,0.0%,0.0,0.0,,,
19/04/25,17:39:00,600,"CEC1CF8","DSNH_GBP8","CACHE","ACTIVE PRIMARY","TOTAL",28000,42,3,10.8,159.0,10.7,223.8,3,0.0%,1.7,0.0,,,
19/04/25,17:39:00,600,"CEC1CF8","DSNH_GBP8K0","CACHE","ACTIVE SECONDARY","A1",0,0,0,0.0,0.0,0.0,0.0,0,0.0%,0.0,0.0,,,
19/04/25,17:39:00,600,"CEC1CF8","DSNH_GBP8K0","CACHE","ACTIVE SECONDARY","A2",61,0,0,10.2,0.0,13.7,0.0,0,0.0%,0.0,0.0,,,
19/04/25,17:39:00,600,"CEC1CF8","DSNH_GBP8K0","CACHE","ACTIVE SECONDARY","F1",0,0,0,0.0,0.0,0.0,0.0,0,0.0%,0.0,0.0,,,
19/04/25,17:39:00,600,"CEC1CF8","DSNH_GBP8K0","CACHE","ACTIVE SECONDARY","F2",0,0,0,0.0,0.0,0.0,0.0,0,0.0%,0.0,0.0,,,
19/04/25,17:39:00,600,"CEC1CF8","DSNH_GBP8K0","CACHE","ACTIVE SECONDARY","TOTAL",61,0,0,10.2,0.0,13.7,0.0,0,0.0%,0.0,0.0,,,
19/04/25,17:39:00,600,"CEC1CF8","DSNH_GBP9","CACHE","ACTIVE PRIMARY","A1",1428000,5123,1250,12.1,131.1,13.7,152.8,1255,0.1%,7.7,0.0,,,
19/04/25,17:39:00,600,"CEC1CF8","DSNH_GBP9","CACHE","ACTIVE PRIMARY","A2",1454000,3865,289,12.2,123.2,13.8,166.2,289,0.0%,54.8,0.0,,,
19/04/25,17:39:00,600,"CEC1CF8","DSNH_GBP9","CACHE","ACTIVE PRIMARY","F1",0,0,0,0.0,0.0,0.0,0.0,0,0.0%,0.0,0.0,,,
19/04/25,17:39:00,600,"CEC1CF8","DSNH_GBP9","CACHE","ACTIVE PRIMARY","F2",0,0,0,0.0,0.0,0.0,0.0,0,0.0%,0.0,0.0,,,
19/04/25,17:39:00,600,"CEC1CF8","DSNH_GBP9","CACHE","ACTIVE PRIMARY","TOTAL",2883000,8988,1539,12.1,127.7,13.7,158.7,1544,0.1%,16.5,0.0,,,
